Handle,Title,Body (HTML),Vendor,Type,Tags,Published,Option1 Name,Option1 Value,Variant SKU,Variant Inventory Tracker,Variant Inventory Qty,Variant Inventory Policy,Variant Fulfillment Service,Variant Price,Variant Requires Shipping,Variant Taxable,Image Src,Image Position
nap-time-mid-rise-bikini,Nap Time Mid Rise Bikini,A beautifully crafted piece for your everyday essential. Join the waitlist for exclusive access.,PYNCH,panties,"Mood:Sukoon,Material:Premium Lace & Organic Cotton",TRUE,Size,XS,NAP-001-XS,shopify,100,deny,manual,3500,TRUE,TRUE,,
nap-time-mid-rise-bikini,,,,,,,Size,S,NAP-001-S,shopify,100,deny,manual,3500,TRUE,TRUE,,
nap-time-mid-rise-bikini,,,,,,,Size,M,NAP-001-M,shopify,100,deny,manual,3500,TRUE,TRUE,,
nap-time-mid-rise-bikini,,,,,,,Size,L,NAP-001-L,shopify,100,deny,manual,3500,TRUE,TRUE,,
nap-time-mid-rise-bikini,,,,,,,Size,XL,NAP-001-XL,shopify,100,deny,manual,3500,TRUE,TRUE,,
nap-time-mid-rise-bikini,,,,,,,,,,,,,,,,,https://justpynch.com/images/models/Models%20New/Comphy/Nap%20Time%20Mid%20Rise%20Bikini/ECOM_CM_CHOME_11_SY-NS-10070_SY-PI-10072_PWF_BODY_FR_SM_SHOT01_58PQP_abf1c7fd-556d-4322-8fa7-d1cf79ed7e4f.webp,1
nap-time-mid-rise-bikini,,,,,,,,,,,,,,,,,https://justpynch.com/images/models/Models%20New/Comphy/Nap%20Time%20Mid%20Rise%20Bikini/ECOM_CM_CHOME_11_SY-NS-10070_SY-PI-10072_PWF_BODY_FR_SM_SHOT02_S0WWE_007dac49-5454-444e-ae82-c4067200b606.webp,2
nap-time-mid-rise-bikini,,,,,,,,,,,,,,,,,https://justpynch.com/images/models/Models%20New/Comphy/Nap%20Time%20Mid%20Rise%20Bikini/ECOM_PR_SY-PI-10072_PWF_DETAIL_SHOT01_2x3_52Z25.webp,3
nap-time-mid-rise-bikini,,,,,,,,,,,,,,,,,https://justpynch.com/images/models/Models%20New/Comphy/Nap%20Time%20Mid%20Rise%20Bikini/ECOM_PR_SY-PI-10072_PWF_FRONT_SHOT01_2x3_52Z25.webp,4
nap-time-mid-rise-bikini,,,,,,,,,,,,,,,,,https://justpynch.com/images/models/Models%20New/Comphy/Nap%20Time%20Mid%20Rise%20Bikini/Syrn_DanielDerro8088.webp,5
nap-time-mid-rise-bikini,,,,,,,,,,,,,,,,,https://justpynch.com/images/models/Models%20New/Comphy/Nap%20Time%20Mid%20Rise%20Bikini/hf_20260713_094347_1963e73f-8846-43d4-a1eb-d55cf4ad9e73.webp,6
soft-launch-scoop-bralette,Soft Launch Scoop Bralette,A beautifully crafted piece for your everyday essential. Join the waitlist for exclusive access.,PYNCH,bras,"Mood:Sukoon,Material:Premium Lace & Organic Cotton",TRUE,Size,XS,SOF-001-XS,shopify,100,deny,manual,3500,TRUE,TRUE,,
soft-launch-scoop-bralette,,,,,,,Size,S,SOF-001-S,shopify,100,deny,manual,3500,TRUE,TRUE,,
soft-launch-scoop-bralette,,,,,,,Size,M,SOF-001-M,shopify,100,deny,manual,3500,TRUE,TRUE,,
soft-launch-scoop-bralette,,,,,,,Size,L,SOF-001-L,shopify,100,deny,manual,3500,TRUE,TRUE,,
soft-launch-scoop-bralette,,,,,,,Size,XL,SOF-001-XL,shopify,100,deny,manual,3500,TRUE,TRUE,,
soft-launch-scoop-bralette,,,,,,,,,,,,,,,,,https://justpynch.com/images/models/Models%20New/Comphy/Soft%20Launch%20Scoop%20Bralette/ECOM_CM_DWMYN_02_SY-NS-10036_BYT_TOP_BK_MO_SHOT01_5928A.webp,1
soft-launch-scoop-bralette,,,,,,,,,,,,,,,,,https://justpynch.com/images/models/Models%20New/Comphy/Soft%20Launch%20Scoop%20Bralette/ECOM_CM_DWMYN_06_SY-PI-10035_SY-NS-10036_DTN_BODY_BK_MB_SHOT01_GKI2Y.webp,2
soft-launch-scoop-bralette,,,,,,,,,,,,,,,,,https://justpynch.com/images/models/Models%20New/Comphy/Soft%20Launch%20Scoop%20Bralette/hf_20260713_093816_85d66ebe-8e03-4679-baa0-625c98daf954.webp,3
soft-launch-scoop-bralette,,,,,,,,,,,,,,,,,https://justpynch.com/images/models/Models%20New/Comphy/Soft%20Launch%20Scoop%20Bralette/hf_20260713_093900_f94af604-1237-4b3a-bab1-2b103fd4baa4.webp,4
soft-launch-scoop-bralette,,,,,,,,,,,,,,,,,https://justpynch.com/images/models/Models%20New/Comphy/Soft%20Launch%20Scoop%20Bralette/hf_20260713_093918_63c4ab61-dcd4-4e39-879b-f89c383394b4.webp,5
soft-launch-scoop-bralette,,,,,,,,,,,,,,,,,https://justpynch.com/images/models/Models%20New/Comphy/Soft%20Launch%20Scoop%20Bralette/hf_20260713_094014_c5224066-c3bd-4fa1-b4f4-f39e4c88f049.webp,6
soft-launch-scoop-bralette,,,,,,,,,,,,,,,,,https://justpynch.com/images/models/Models%20New/Comphy/Soft%20Launch%20Scoop%20Bralette/hf_20260713_094155_980bb6cf-2266-4651-81c6-c45fd8593f7f.webp,7
the-kiss-goodnight-triangle-bralette,The Kiss Goodnight Triangle Bralette,A beautifully crafted piece for your everyday essential. Join the waitlist for exclusive access.,PYNCH,bras,"Mood:Sukoon,Material:Premium Lace & Organic Cotton",TRUE,Size,XS,THE-001-XS,shopify,100,deny,manual,3500,TRUE,TRUE,,
the-kiss-goodnight-triangle-bralette,,,,,,,Size,S,THE-001-S,shopify,100,deny,manual,3500,TRUE,TRUE,,
the-kiss-goodnight-triangle-bralette,,,,,,,Size,M,THE-001-M,shopify,100,deny,manual,3500,TRUE,TRUE,,
the-kiss-goodnight-triangle-bralette,,,,,,,Size,L,THE-001-L,shopify,100,deny,manual,3500,TRUE,TRUE,,
the-kiss-goodnight-triangle-bralette,,,,,,,Size,XL,THE-001-XL,shopify,100,deny,manual,3500,TRUE,TRUE,,
the-kiss-goodnight-triangle-bralette,,,,,,,,,,,,,,,,,https://justpynch.com/images/models/Models%20New/Comphy/The%20Kiss%20Goodnight%20Triangle%20Bralette/ECOM_CM_CHOME_02_SY-NS-10070_SY-PI-10069_AFD_BODY_SD_SM_SHOT01_UD424_f392a985-18ea-4269-9e17-33482d6d5211.webp,1
the-kiss-goodnight-triangle-bralette,,,,,,,,,,,,,,,,,https://justpynch.com/images/models/Models%20New/Comphy/The%20Kiss%20Goodnight%20Triangle%20Bralette/ECOM_CM_CHOME_04_SY-NS-10070_SY-PI-10072_PWF_BODY_BK_KL_SHOT01_D3XGP_3d88b378-0297-48ba-ba0b-3c2384240ebc.webp,2
the-kiss-goodnight-triangle-bralette,,,,,,,,,,,,,,,,,https://justpynch.com/images/models/Models%20New/Comphy/The%20Kiss%20Goodnight%20Triangle%20Bralette/ECOM_PR_SY-NS-10070_AFD_DETAIL_SHOT01_2x3_M3OBDcopy.webp,3
the-kiss-goodnight-triangle-bralette,,,,,,,,,,,,,,,,,https://justpynch.com/images/models/Models%20New/Comphy/The%20Kiss%20Goodnight%20Triangle%20Bralette/ECOM_PR_SY-NS-10070_AFD_FRONT_SHOT01_2x3_M3OBD.webp,4
the-kiss-goodnight-triangle-bralette,,,,,,,,,,,,,,,,,https://justpynch.com/images/models/Models%20New/Comphy/The%20Kiss%20Goodnight%20Triangle%20Bralette/hf_20260713_093456_03822cfe-347d-45be-92f9-aed7a8c50ff1.webp,5
the-kiss-goodnight-triangle-bralette,,,,,,,,,,,,,,,,,https://justpynch.com/images/models/Models%20New/Comphy/The%20Kiss%20Goodnight%20Triangle%20Bralette/hf_20260713_093537_7d0c905e-c587-41de-b393-82e9ad5c47b1.webp,6
the-love-triangle-bralette,The Love Triangle Bralette,A beautifully crafted piece for your everyday essential. Join the waitlist for exclusive access.,PYNCH,bras,"Mood:Sukoon,Material:Premium Lace & Organic Cotton",TRUE,Size,XS,THE-001-XS,shopify,100,deny,manual,3500,TRUE,TRUE,,
the-love-triangle-bralette,,,,,,,Size,S,THE-001-S,shopify,100,deny,manual,3500,TRUE,TRUE,,
the-love-triangle-bralette,,,,,,,Size,M,THE-001-M,shopify,100,deny,manual,3500,TRUE,TRUE,,
the-love-triangle-bralette,,,,,,,Size,L,THE-001-L,shopify,100,deny,manual,3500,TRUE,TRUE,,
the-love-triangle-bralette,,,,,,,Size,XL,THE-001-XL,shopify,100,deny,manual,3500,TRUE,TRUE,,
the-love-triangle-bralette,,,,,,,,,,,,,,,,,https://justpynch.com/images/models/Models%20New/Comphy/The%20Love%20Triangle%20Bralette/ECOM_PR_SY-NY-10032_PWF_FRONT_SHOT01_2x3_VB5A1.webp,1
the-love-triangle-bralette,,,,,,,,,,,,,,,,,https://justpynch.com/images/models/Models%20New/Comphy/The%20Love%20Triangle%20Bralette/hf_20260713_092712_d141c897-2045-4c97-8755-bfa6622c4618.webp,2
the-love-triangle-bralette,,,,,,,,,,,,,,,,,https://justpynch.com/images/models/Models%20New/Comphy/The%20Love%20Triangle%20Bralette/hf_20260713_093214_c55e8b85-c11d-48cb-8ebe-e7bf123cc5ce.webp,3
the-love-triangle-bralette,,,,,,,,,,,,,,,,,https://justpynch.com/images/models/Models%20New/Comphy/The%20Love%20Triangle%20Bralette/hf_20260713_093234_bbdd83fb-e20b-4786-a5dd-de6cabc41b97.webp,4
the-love-triangle-bralette,,,,,,,,,,,,,,,,,https://justpynch.com/images/models/Models%20New/Comphy/The%20Love%20Triangle%20Bralette/hf_20260713_093307_6f3d4388-abc6-4695-8a66-bd2f326e10a6.webp,5
tit-for-tat-triangle-bralette,Tit for Tat Triangle Bralette,A beautifully crafted piece for your everyday essential. Join the waitlist for exclusive access.,PYNCH,bras,"Mood:Sukoon,Material:Premium Lace & Organic Cotton",TRUE,Size,XS,TIT-001-XS,shopify,100,deny,manual,3500,TRUE,TRUE,,
tit-for-tat-triangle-bralette,,,,,,,Size,S,TIT-001-S,shopify,100,deny,manual,3500,TRUE,TRUE,,
tit-for-tat-triangle-bralette,,,,,,,Size,M,TIT-001-M,shopify,100,deny,manual,3500,TRUE,TRUE,,
tit-for-tat-triangle-bralette,,,,,,,Size,L,TIT-001-L,shopify,100,deny,manual,3500,TRUE,TRUE,,
tit-for-tat-triangle-bralette,,,,,,,Size,XL,TIT-001-XL,shopify,100,deny,manual,3500,TRUE,TRUE,,
tit-for-tat-triangle-bralette,,,,,,,,,,,,,,,,,https://justpynch.com/images/models/Models%20New/Comphy/Tit%20for%20Tat%20Triangle%20Bralette/ECOM_CM_DWMYN_04_SY-NS-10040_SY-PI-10003_BYT_BODY_BK_FT_SHOT01_68QZ4.webp,1
tit-for-tat-triangle-bralette,,,,,,,,,,,,,,,,,https://justpynch.com/images/models/Models%20New/Comphy/Tit%20for%20Tat%20Triangle%20Bralette/hf_20260713_072704_a92256a8-1ec3-4c37-bd6c-c9de437b7a0f.webp,2
tit-for-tat-triangle-bralette,,,,,,,,,,,,,,,,,https://justpynch.com/images/models/Models%20New/Comphy/Tit%20for%20Tat%20Triangle%20Bralette/hf_20260713_072715_00f1e076-c56e-4254-a897-2ef6d2036f2f.webp,3
tit-for-tat-triangle-bralette,,,,,,,,,,,,,,,,,https://justpynch.com/images/models/Models%20New/Comphy/Tit%20for%20Tat%20Triangle%20Bralette/hf_20260713_072727_cf5dc2d8-7f50-49ee-bf0f-58f85b2c56fd.webp,4
tit-for-tat-triangle-bralette,,,,,,,,,,,,,,,,,https://justpynch.com/images/models/Models%20New/Comphy/Tit%20for%20Tat%20Triangle%20Bralette/hf_20260713_072738_74552040-d309-43ba-b07c-ed11d1a80afe.webp,5
tit-for-tat-triangle-bralette,,,,,,,,,,,,,,,,,https://justpynch.com/images/models/Models%20New/Comphy/Tit%20for%20Tat%20Triangle%20Bralette/hf_20260713_073103_c8c10a05-1941-4450-9895-b8796156c3de.webp,6
tit-for-tat-triangle-bralette,,,,,,,,,,,,,,,,,https://justpynch.com/images/models/Models%20New/Comphy/Tit%20for%20Tat%20Triangle%20Bralette/hf_20260713_073614_93ef8791-ea91-4b12-9c06-976b848f017c.webp,7
tit-for-tat-triangle-bralette,,,,,,,,,,,,,,,,,https://justpynch.com/images/models/Models%20New/Comphy/Tit%20for%20Tat%20Triangle%20Bralette/hf_20260713_083321_29dd566d-eaf2-4316-8ad4-afc21bf8f144.webp,8
tit-for-tat-triangle-bralette,,,,,,,,,,,,,,,,,https://justpynch.com/images/models/Models%20New/Comphy/Tit%20for%20Tat%20Triangle%20Bralette/hf_20260713_083406_18fa37e9-d827-47c6-b489-08965f934ec0.webp,9
tit-for-tat-triangle-bralette,,,,,,,,,,,,,,,,,https://justpynch.com/images/models/Models%20New/Comphy/Tit%20for%20Tat%20Triangle%20Bralette/hf_20260713_084240_04689f6e-1589-4cd7-97ca-41c447b1b5db.webp,10
tit-for-tat-triangle-bralette,,,,,,,,,,,,,,,,,https://justpynch.com/images/models/Models%20New/Comphy/Tit%20for%20Tat%20Triangle%20Bralette/hf_20260713_091519_ee1e46f9-5a74-40e2-a6d5-fd58ad038020.webp,11
dt3931,DT3931,A beautifully crafted piece for your everyday essential. Join the waitlist for exclusive access.,PYNCH,bras,"Mood:Sukoon,Material:Premium Lace & Organic Cotton",TRUE,Size,XS,DT3-001-XS,shopify,100,deny,manual,3500,TRUE,TRUE,,
dt3931,,,,,,,Size,S,DT3-001-S,shopify,100,deny,manual,3500,TRUE,TRUE,,
dt3931,,,,,,,Size,M,DT3-001-M,shopify,100,deny,manual,3500,TRUE,TRUE,,
dt3931,,,,,,,Size,L,DT3-001-L,shopify,100,deny,manual,3500,TRUE,TRUE,,
dt3931,,,,,,,Size,XL,DT3-001-XL,shopify,100,deny,manual,3500,TRUE,TRUE,,
dt3931,,,,,,,,,,,,,,,,,https://justpynch.com/images/models/Models%20New/Comphy/DT3931/hf_20260721_065538_bd64a69b-b47f-4b3a-bf08-56041ed6844e.webp,1
dt3931,,,,,,,,,,,,,,,,,https://justpynch.com/images/models/Models%20New/Comphy/DT3931/hf_20260721_070846_b19fc192-4e7b-4b2e-83cb-2f87bf1cb8a0.webp,2
dt3931,,,,,,,,,,,,,,,,,https://justpynch.com/images/models/Models%20New/Comphy/DT3931/hf_20260730_110132_0ce8d2ba-c7ac-40db-8e2a-9fcb775e2748.webp,3
dt3931,,,,,,,,,,,,,,,,,https://justpynch.com/images/models/Models%20New/Comphy/DT3931/hf_20260730_110217_88fb8ea1-c32f-4e08-a926-899adbf2fe8f.webp,4
rh001,RH001,A beautifully crafted piece for your everyday essential. Join the waitlist for exclusive access.,PYNCH,bras,"Mood:Sukoon,Material:Premium Lace & Organic Cotton",TRUE,Size,XS,RH0-001-XS,shopify,100,deny,manual,3500,TRUE,TRUE,,
rh001,,,,,,,Size,S,RH0-001-S,shopify,100,deny,manual,3500,TRUE,TRUE,,
rh001,,,,,,,Size,M,RH0-001-M,shopify,100,deny,manual,3500,TRUE,TRUE,,
rh001,,,,,,,Size,L,RH0-001-L,shopify,100,deny,manual,3500,TRUE,TRUE,,
rh001,,,,,,,Size,XL,RH0-001-XL,shopify,100,deny,manual,3500,TRUE,TRUE,,
rh001,,,,,,,,,,,,,,,,,https://justpynch.com/images/models/Models%20New/Comphy/RH001/hf_20260721_063536_424cf1df-cd56-4d04-b308-f2938fb3cbc0.webp,1
rh001,,,,,,,,,,,,,,,,,https://justpynch.com/images/models/Models%20New/Comphy/RH001/hf_20260721_064206_01de9800-eae5-4ff6-9b01-be3099004292.webp,2
rh001,,,,,,,,,,,,,,,,,https://justpynch.com/images/models/Models%20New/Comphy/RH001/hf_20260730_091847_0dac7beb-54e5-4281-bbb5-cf5843b8dace.webp,3
rh001,,,,,,,,,,,,,,,,,https://justpynch.com/images/models/Models%20New/Comphy/RH001/hf_20260730_100559_e894d44e-584a-4475-b285-830b0776c551.webp,4
rear-view-mid-rise-bikini,Rear View Mid Rise Bikini,A beautifully crafted piece for your everyday essential. Join the waitlist for exclusive access.,PYNCH,panties,"Mood:Shararat,Material:Premium Lace & Organic Cotton",TRUE,Size,XS,REA-001-XS,shopify,100,deny,manual,3500,TRUE,TRUE,,
rear-view-mid-rise-bikini,,,,,,,Size,S,REA-001-S,shopify,100,deny,manual,3500,TRUE,TRUE,,
rear-view-mid-rise-bikini,,,,,,,Size,M,REA-001-M,shopify,100,deny,manual,3500,TRUE,TRUE,,
rear-view-mid-rise-bikini,,,,,,,Size,L,REA-001-L,shopify,100,deny,manual,3500,TRUE,TRUE,,
rear-view-mid-rise-bikini,,,,,,,Size,XL,REA-001-XL,shopify,100,deny,manual,3500,TRUE,TRUE,,
rear-view-mid-rise-bikini,,,,,,,,,,,,,,,,,https://justpynch.com/images/models/Models%20New/Playful/Rear%20View%20Mid%20Rise%20Bikini/ECOM_PL_MOAF_01_SY-PI-10043_SY-NS-10047_ADS_BTM_BK_SM_SHOT01_4TK7W.webp,1
rear-view-mid-rise-bikini,,,,,,,,,,,,,,,,,https://justpynch.com/images/models/Models%20New/Playful/Rear%20View%20Mid%20Rise%20Bikini/ECOM_PL_MOAF_01_SY-PI-10043_THI_BTM_BK_FT_SHOT01_AENHX-b661-45a6-9ffc-77966cdf2aae.webp,2
rear-view-mid-rise-bikini,,,,,,,,,,,,,,,,,https://justpynch.com/images/models/Models%20New/Playful/Rear%20View%20Mid%20Rise%20Bikini/ECOM_PL_MOAF_01_SY-PI-10043_THI_BTM_FR_FT_SHOT01_55Z10.webp,3
rear-view-mid-rise-bikini,,,,,,,,,,,,,,,,,https://justpynch.com/images/models/Models%20New/Playful/Rear%20View%20Mid%20Rise%20Bikini/ECOM_PL_MOAF_03_SY-PI-10043_SY-NS-10047_FST_BTM_BK_FT_SHOT01_9NWJ9.webp,4
rear-view-mid-rise-bikini,,,,,,,,,,,,,,,,,https://justpynch.com/images/models/Models%20New/Playful/Rear%20View%20Mid%20Rise%20Bikini/ECOM_PL_MOAF_03_SY-PI-10043_SY-NS-10047_FST_BTM_FR_FT_SHOT01_6901Q.webp,5
rear-view-mid-rise-bikini,,,,,,,,,,,,,,,,,https://justpynch.com/images/models/Models%20New/Playful/Rear%20View%20Mid%20Rise%20Bikini/ECOM_PL_MOAF_13_SY-PI-10043_AFD_BTM_SD_IC_SHOT01_HRH52.webp,6
rear-view-mid-rise-bikini,,,,,,,,,,,,,,,,,https://justpynch.com/images/models/Models%20New/Playful/Rear%20View%20Mid%20Rise%20Bikini/hf_20260713_095435_460f5ced-37e0-43cd-93d1-f7d80706ea5f.webp,7
2343,2343,A beautifully crafted piece for your everyday essential. Join the waitlist for exclusive access.,PYNCH,bras,"Mood:Shararat,Material:Premium Lace & Organic Cotton",TRUE,Size,XS,234-001-XS,shopify,100,deny,manual,3500,TRUE,TRUE,,
2343,,,,,,,Size,S,234-001-S,shopify,100,deny,manual,3500,TRUE,TRUE,,
2343,,,,,,,Size,M,234-001-M,shopify,100,deny,manual,3500,TRUE,TRUE,,
2343,,,,,,,Size,L,234-001-L,shopify,100,deny,manual,3500,TRUE,TRUE,,
2343,,,,,,,Size,XL,234-001-XL,shopify,100,deny,manual,3500,TRUE,TRUE,,
2839,2839,A beautifully crafted piece for your everyday essential. Join the waitlist for exclusive access.,PYNCH,bras,"Mood:Shararat,Material:Premium Lace & Organic Cotton",TRUE,Size,XS,283-001-XS,shopify,100,deny,manual,3500,TRUE,TRUE,,
2839,,,,,,,Size,S,283-001-S,shopify,100,deny,manual,3500,TRUE,TRUE,,
2839,,,,,,,Size,M,283-001-M,shopify,100,deny,manual,3500,TRUE,TRUE,,
2839,,,,,,,Size,L,283-001-L,shopify,100,deny,manual,3500,TRUE,TRUE,,
2839,,,,,,,Size,XL,283-001-XL,shopify,100,deny,manual,3500,TRUE,TRUE,,
2839,,,,,,,,,,,,,,,,,https://justpynch.com/images/models/Models%20New/Playful/2839/hf_20260731_124506_48a1daf5-2421-43cf-a143-6d56c49d9bac.webp,1
2839,,,,,,,,,,,,,,,,,https://justpynch.com/images/models/Models%20New/Playful/2839/hf_20260731_124914_4f9e6c2c-35b0-4400-bb4a-400df6eb63e3.webp,2
2839,,,,,,,,,,,,,,,,,https://justpynch.com/images/models/Models%20New/Playful/2839/hf_20260731_125011_34452f16-1711-4e58-9008-d07d93d75cc2.webp,3
2839,,,,,,,,,,,,,,,,,https://justpynch.com/images/models/Models%20New/Playful/2839/hf_20260731_125400_5b68a3c8-b56d-4b69-8475-97935083c9bd.webp,4
2870,2870,A beautifully crafted piece for your everyday essential. Join the waitlist for exclusive access.,PYNCH,bras,"Mood:Shararat,Material:Premium Lace & Organic Cotton",TRUE,Size,XS,287-001-XS,shopify,100,deny,manual,3500,TRUE,TRUE,,
2870,,,,,,,Size,S,287-001-S,shopify,100,deny,manual,3500,TRUE,TRUE,,
2870,,,,,,,Size,M,287-001-M,shopify,100,deny,manual,3500,TRUE,TRUE,,
2870,,,,,,,Size,L,287-001-L,shopify,100,deny,manual,3500,TRUE,TRUE,,
2870,,,,,,,Size,XL,287-001-XL,shopify,100,deny,manual,3500,TRUE,TRUE,,
6616,6616,A beautifully crafted piece for your everyday essential. Join the waitlist for exclusive access.,PYNCH,bras,"Mood:Shararat,Material:Premium Lace & Organic Cotton",TRUE,Size,XS,661-001-XS,shopify,100,deny,manual,3500,TRUE,TRUE,,
6616,,,,,,,Size,S,661-001-S,shopify,100,deny,manual,3500,TRUE,TRUE,,
6616,,,,,,,Size,M,661-001-M,shopify,100,deny,manual,3500,TRUE,TRUE,,
6616,,,,,,,Size,L,661-001-L,shopify,100,deny,manual,3500,TRUE,TRUE,,
6616,,,,,,,Size,XL,661-001-XL,shopify,100,deny,manual,3500,TRUE,TRUE,,
9276,9276,A beautifully crafted piece for your everyday essential. Join the waitlist for exclusive access.,PYNCH,bras,"Mood:Shararat,Material:Premium Lace & Organic Cotton",TRUE,Size,XS,927-001-XS,shopify,100,deny,manual,3500,TRUE,TRUE,,
9276,,,,,,,Size,S,927-001-S,shopify,100,deny,manual,3500,TRUE,TRUE,,
9276,,,,,,,Size,M,927-001-M,shopify,100,deny,manual,3500,TRUE,TRUE,,
9276,,,,,,,Size,L,927-001-L,shopify,100,deny,manual,3500,TRUE,TRUE,,
9276,,,,,,,Size,XL,927-001-XL,shopify,100,deny,manual,3500,TRUE,TRUE,,
t13,T13,A beautifully crafted piece for your everyday essential. Join the waitlist for exclusive access.,PYNCH,bras,"Mood:Shararat,Material:Premium Lace & Organic Cotton",TRUE,Size,XS,T13-001-XS,shopify,100,deny,manual,3500,TRUE,TRUE,,
t13,,,,,,,Size,S,T13-001-S,shopify,100,deny,manual,3500,TRUE,TRUE,,
t13,,,,,,,Size,M,T13-001-M,shopify,100,deny,manual,3500,TRUE,TRUE,,
t13,,,,,,,Size,L,T13-001-L,shopify,100,deny,manual,3500,TRUE,TRUE,,
t13,,,,,,,Size,XL,T13-001-XL,shopify,100,deny,manual,3500,TRUE,TRUE,,
9306-only-bra,9306 Only Bra,A beautifully crafted piece for your everyday essential. Join the waitlist for exclusive access.,PYNCH,bras,"Mood:Shararat,Material:Premium Lace & Organic Cotton",TRUE,Size,XS,930-001-XS,shopify,100,deny,manual,3500,TRUE,TRUE,,
9306-only-bra,,,,,,,Size,S,930-001-S,shopify,100,deny,manual,3500,TRUE,TRUE,,
9306-only-bra,,,,,,,Size,M,930-001-M,shopify,100,deny,manual,3500,TRUE,TRUE,,
9306-only-bra,,,,,,,Size,L,930-001-L,shopify,100,deny,manual,3500,TRUE,TRUE,,
9306-only-bra,,,,,,,Size,XL,930-001-XL,shopify,100,deny,manual,3500,TRUE,TRUE,,
9306-only-bra,,,,,,,,,,,,,,,,,https://justpynch.com/images/models/Models%20New/Playful/9306%20Only%20Bra/hf_20260721_080913_1f6ddb5b-e511-4113-8374-8ad29d1330b4.webp,1
9306-only-bra,,,,,,,,,,,,,,,,,https://justpynch.com/images/models/Models%20New/Playful/9306%20Only%20Bra/hf_20260729_115650_78714bd3-e4e9-4cb6-94cb-a365df1a9f14.webp,2
9306-only-bra,,,,,,,,,,,,,,,,,https://justpynch.com/images/models/Models%20New/Playful/9306%20Only%20Bra/hf_20260729_123701_17c8bea2-1a0b-4132-9706-50b5d2c860f9.webp,3
9306-only-bra,,,,,,,,,,,,,,,,,https://justpynch.com/images/models/Models%20New/Playful/9306%20Only%20Bra/hf_20260729_124802_405075c7-860e-482f-8b08-40fa2fff1c3e.webp,4
b29,B29,A beautifully crafted piece for your everyday essential. Join the waitlist for exclusive access.,PYNCH,bras,"Mood:Shararat,Material:Premium Lace & Organic Cotton",TRUE,Size,XS,B29-001-XS,shopify,100,deny,manual,3500,TRUE,TRUE,,
b29,,,,,,,Size,S,B29-001-S,shopify,100,deny,manual,3500,TRUE,TRUE,,
b29,,,,,,,Size,M,B29-001-M,shopify,100,deny,manual,3500,TRUE,TRUE,,
b29,,,,,,,Size,L,B29-001-L,shopify,100,deny,manual,3500,TRUE,TRUE,,
b29,,,,,,,Size,XL,B29-001-XL,shopify,100,deny,manual,3500,TRUE,TRUE,,
forever-yours-lightly-lined-demi-bra,Forever Yours Lightly Lined Demi Bra,A beautifully crafted piece for your everyday essential. Join the waitlist for exclusive access.,PYNCH,bras,"Mood:Ishq,Material:Premium Lace & Organic Cotton",TRUE,Size,XS,FOR-001-XS,shopify,100,deny,manual,3500,TRUE,TRUE,,
forever-yours-lightly-lined-demi-bra,,,,,,,Size,S,FOR-001-S,shopify,100,deny,manual,3500,TRUE,TRUE,,
forever-yours-lightly-lined-demi-bra,,,,,,,Size,M,FOR-001-M,shopify,100,deny,manual,3500,TRUE,TRUE,,
forever-yours-lightly-lined-demi-bra,,,,,,,Size,L,FOR-001-L,shopify,100,deny,manual,3500,TRUE,TRUE,,
forever-yours-lightly-lined-demi-bra,,,,,,,Size,XL,FOR-001-XL,shopify,100,deny,manual,3500,TRUE,TRUE,,
forever-yours-lightly-lined-demi-bra,,,,,,,,,,,,,,,,,https://justpynch.com/images/models/Models%20New/Romantic/Forever%20Yours%20Lightly%20Lined%20Demi%20Bra/010425_SYRN_Look8_Flushed_1413.webp,1
forever-yours-lightly-lined-demi-bra,,,,,,,,,,,,,,,,,https://justpynch.com/images/models/Models%20New/Romantic/Forever%20Yours%20Lightly%20Lined%20Demi%20Bra/260204_SYRN_L1_PillowFight_MFR_0026.webp,2
forever-yours-lightly-lined-demi-bra,,,,,,,,,,,,,,,,,https://justpynch.com/images/models/Models%20New/Romantic/Forever%20Yours%20Lightly%20Lined%20Demi%20Bra/ECOM_PR_SY-SB-10016_DWM_FRONT_SHOT01_2x3_2O2MM.webp,3
forever-yours-lightly-lined-demi-bra,,,,,,,,,,,,,,,,,https://justpynch.com/images/models/Models%20New/Romantic/Forever%20Yours%20Lightly%20Lined%20Demi%20Bra/ECOM_RM_SOWK_09_SY-SB-10016_SY-PI-10011_BNP_TOP_BK_MO_SHOT01_YXYWA.webp,4
forget-me-not-unlined-balconette-bra,Forget Me Not Unlined Balconette Bra,A beautifully crafted piece for your everyday essential. Join the waitlist for exclusive access.,PYNCH,bras,"Mood:Ishq,Material:Premium Lace & Organic Cotton",TRUE,Size,XS,FOR-001-XS,shopify,100,deny,manual,3500,TRUE,TRUE,,
forget-me-not-unlined-balconette-bra,,,,,,,Size,S,FOR-001-S,shopify,100,deny,manual,3500,TRUE,TRUE,,
forget-me-not-unlined-balconette-bra,,,,,,,Size,M,FOR-001-M,shopify,100,deny,manual,3500,TRUE,TRUE,,
forget-me-not-unlined-balconette-bra,,,,,,,Size,L,FOR-001-L,shopify,100,deny,manual,3500,TRUE,TRUE,,
forget-me-not-unlined-balconette-bra,,,,,,,Size,XL,FOR-001-XL,shopify,100,deny,manual,3500,TRUE,TRUE,,
forget-me-not-unlined-balconette-bra,,,,,,,,,,,,,,,,,https://justpynch.com/images/models/Models%20New/Romantic/Forget%20Me%20Not%20Unlined%20Balconette%20Bra/260204_SYRN_L2_LoveMeNot_MFR_0005.webp,1
forget-me-not-unlined-balconette-bra,,,,,,,,,,,,,,,,,https://justpynch.com/images/models/Models%20New/Romantic/Forget%20Me%20Not%20Unlined%20Balconette%20Bra/260217_SYRN_L11_DewMe_MFR_0028.webp,2
forget-me-not-unlined-balconette-bra,,,,,,,,,,,,,,,,,https://justpynch.com/images/models/Models%20New/Romantic/Forget%20Me%20Not%20Unlined%20Balconette%20Bra/ECOM_PR_SY-SB-10002_PIB_FRONT_SHOT1_2X3_M83G0.webp,3
forget-me-not-unlined-balconette-bra,,,,,,,,,,,,,,,,,https://justpynch.com/images/models/Models%20New/Romantic/Forget%20Me%20Not%20Unlined%20Balconette%20Bra/ECOM_RM_SOWK_08_SY-SB-10002_SY-PI-10018_BNP_BODY_BK_MO_SHOT01_XQFMS.webp,4
forget-me-not-unlined-balconette-bra,,,,,,,,,,,,,,,,,https://justpynch.com/images/models/Models%20New/Romantic/Forget%20Me%20Not%20Unlined%20Balconette%20Bra/Unlined_balonette_2-1.webp,5
forget-me-not-unlined-balconette-bra,,,,,,,,,,,,,,,,,https://justpynch.com/images/models/Models%20New/Romantic/Forget%20Me%20Not%20Unlined%20Balconette%20Bra/hf_20260713_075301_647efb66-492f-447e-a020-b2cb5a2a29a7.webp,6
forget-me-not-unlined-balconette-bra,,,,,,,,,,,,,,,,,https://justpynch.com/images/models/Models%20New/Romantic/Forget%20Me%20Not%20Unlined%20Balconette%20Bra/hf_20260713_084031_0d74fd69-2afe-4bc6-9f7f-c1201997ff00.webp,7
forget-me-not-unlined-balconette-bra,,,,,,,,,,,,,,,,,https://justpynch.com/images/models/Models%20New/Romantic/Forget%20Me%20Not%20Unlined%20Balconette%20Bra/hf_20260713_085635_90746bcc-cc34-48ba-b4f0-b01d227c12ce.webp,8
sweetest-lil'-thing-mid-rise-thong,Sweetest Lil' Thing Mid Rise Thong,A beautifully crafted piece for your everyday essential. Join the waitlist for exclusive access.,PYNCH,panties,"Mood:Ishq,Material:Premium Lace & Organic Cotton",TRUE,Size,XS,SWE-001-XS,shopify,100,deny,manual,3500,TRUE,TRUE,,
sweetest-lil'-thing-mid-rise-thong,,,,,,,Size,S,SWE-001-S,shopify,100,deny,manual,3500,TRUE,TRUE,,
sweetest-lil'-thing-mid-rise-thong,,,,,,,Size,M,SWE-001-M,shopify,100,deny,manual,3500,TRUE,TRUE,,
sweetest-lil'-thing-mid-rise-thong,,,,,,,Size,L,SWE-001-L,shopify,100,deny,manual,3500,TRUE,TRUE,,
sweetest-lil'-thing-mid-rise-thong,,,,,,,Size,XL,SWE-001-XL,shopify,100,deny,manual,3500,TRUE,TRUE,,
sweetest-lil'-thing-mid-rise-thong,,,,,,,,,,,,,,,,,https://justpynch.com/images/models/Models%20New/Romantic/Sweetest%20Lil%27%20Thing%20Mid%20Rise%20Thong/010425_SYRN_Look9_PillowFight_1601.webp,1
sweetest-lil'-thing-mid-rise-thong,,,,,,,,,,,,,,,,,https://justpynch.com/images/models/Models%20New/Romantic/Sweetest%20Lil%27%20Thing%20Mid%20Rise%20Thong/ECOM_PR_SY-PI-10011_FPF_FRONT_SHOT1_2X3_WYAK4_1.webp,2
sweetest-lil'-thing-mid-rise-thong,,,,,,,,,,,,,,,,,https://justpynch.com/images/models/Models%20New/Romantic/Sweetest%20Lil%27%20Thing%20Mid%20Rise%20Thong/ECOM_RM_SOWK_09_SY-PI-10011_SY-SB-10016_ADF_BODY_FR_IC_SHOT01_68XZ9.webp,3
sweetest-lil'-thing-mid-rise-thong,,,,,,,,,,,,,,,,,https://justpynch.com/images/models/Models%20New/Romantic/Sweetest%20Lil%27%20Thing%20Mid%20Rise%20Thong/ECOM_RM_SOWK_09_SY-PI-10011_SY-SB-10016_BNP_BODY_BK_MO_SHOT01_LS8T4.webp,4
sweetest-lil'-thing-mid-rise-thong,,,,,,,,,,,,,,,,,https://justpynch.com/images/models/Models%20New/Romantic/Sweetest%20Lil%27%20Thing%20Mid%20Rise%20Thong/hf_20260713_090633_3c87ffc5-5cc8-4dca-a3d7-7e76a99bafda.webp,5
the-starlet-halter-unlined-plunge-bra,The Starlet Halter Unlined Plunge Bra,A beautifully crafted piece for your everyday essential. Join the waitlist for exclusive access.,PYNCH,bras,"Mood:Ishq,Material:Premium Lace & Organic Cotton",TRUE,Size,XS,THE-001-XS,shopify,100,deny,manual,3500,TRUE,TRUE,,
the-starlet-halter-unlined-plunge-bra,,,,,,,Size,S,THE-001-S,shopify,100,deny,manual,3500,TRUE,TRUE,,
the-starlet-halter-unlined-plunge-bra,,,,,,,Size,M,THE-001-M,shopify,100,deny,manual,3500,TRUE,TRUE,,
the-starlet-halter-unlined-plunge-bra,,,,,,,Size,L,THE-001-L,shopify,100,deny,manual,3500,TRUE,TRUE,,
the-starlet-halter-unlined-plunge-bra,,,,,,,Size,XL,THE-001-XL,shopify,100,deny,manual,3500,TRUE,TRUE,,
the-starlet-halter-unlined-plunge-bra,,,,,,,,,,,,,,,,,https://justpynch.com/images/models/Models%20New/Romantic/The%20Starlet%20Halter%20Unlined%20Plunge%20Bra/10048_PWF_FRONT.webp,1
the-starlet-halter-unlined-plunge-bra,,,,,,,,,,,,,,,,,https://justpynch.com/images/models/Models%20New/Romantic/The%20Starlet%20Halter%20Unlined%20Plunge%20Bra/ECOM_SD_SSPRING_02_SY-SB-10048_PWF_TOP_BK_MO_SHOT01_C565T.webp,2
the-starlet-halter-unlined-plunge-bra,,,,,,,,,,,,,,,,,https://justpynch.com/images/models/Models%20New/Romantic/The%20Starlet%20Halter%20Unlined%20Plunge%20Bra/hf_20260713_095856_524f89a5-1219-4f19-a8ca-df3366d54fb0.webp,3
the-starlet-halter-unlined-plunge-bra,,,,,,,,,,,,,,,,,https://justpynch.com/images/models/Models%20New/Romantic/The%20Starlet%20Halter%20Unlined%20Plunge%20Bra/hf_20260713_100057_e1e70a36-660e-49ad-944f-84548db30424.webp,4
the-starlet-halter-unlined-plunge-bra,,,,,,,,,,,,,,,,,https://justpynch.com/images/models/Models%20New/Romantic/The%20Starlet%20Halter%20Unlined%20Plunge%20Bra/hf_20260713_100346_95eb4c18-3925-4ad9-b10a-8f83eb5cfd4f.webp,5
the-starlet-halter-unlined-plunge-bra,,,,,,,,,,,,,,,,,https://justpynch.com/images/models/Models%20New/Romantic/The%20Starlet%20Halter%20Unlined%20Plunge%20Bra/hf_20260713_100406_2de652bc-af46-4f57-b0b4-119c5ea24ef5.webp,6
2851,2851,A beautifully crafted piece for your everyday essential. Join the waitlist for exclusive access.,PYNCH,bras,"Mood:Ishq,Material:Premium Lace & Organic Cotton",TRUE,Size,XS,285-001-XS,shopify,100,deny,manual,3500,TRUE,TRUE,,
2851,,,,,,,Size,S,285-001-S,shopify,100,deny,manual,3500,TRUE,TRUE,,
2851,,,,,,,Size,M,285-001-M,shopify,100,deny,manual,3500,TRUE,TRUE,,
2851,,,,,,,Size,L,285-001-L,shopify,100,deny,manual,3500,TRUE,TRUE,,
2851,,,,,,,Size,XL,285-001-XL,shopify,100,deny,manual,3500,TRUE,TRUE,,
2876,2876,A beautifully crafted piece for your everyday essential. Join the waitlist for exclusive access.,PYNCH,bras,"Mood:Ishq,Material:Premium Lace & Organic Cotton",TRUE,Size,XS,287-001-XS,shopify,100,deny,manual,3500,TRUE,TRUE,,
2876,,,,,,,Size,S,287-001-S,shopify,100,deny,manual,3500,TRUE,TRUE,,
2876,,,,,,,Size,M,287-001-M,shopify,100,deny,manual,3500,TRUE,TRUE,,
2876,,,,,,,Size,L,287-001-L,shopify,100,deny,manual,3500,TRUE,TRUE,,
2876,,,,,,,Size,XL,287-001-XL,shopify,100,deny,manual,3500,TRUE,TRUE,,
8810,8810,A beautifully crafted piece for your everyday essential. Join the waitlist for exclusive access.,PYNCH,bras,"Mood:Ishq,Material:Premium Lace & Organic Cotton",TRUE,Size,XS,881-001-XS,shopify,100,deny,manual,3500,TRUE,TRUE,,
8810,,,,,,,Size,S,881-001-S,shopify,100,deny,manual,3500,TRUE,TRUE,,
8810,,,,,,,Size,M,881-001-M,shopify,100,deny,manual,3500,TRUE,TRUE,,
8810,,,,,,,Size,L,881-001-L,shopify,100,deny,manual,3500,TRUE,TRUE,,
8810,,,,,,,Size,XL,881-001-XL,shopify,100,deny,manual,3500,TRUE,TRUE,,
8826,8826,A beautifully crafted piece for your everyday essential. Join the waitlist for exclusive access.,PYNCH,bras,"Mood:Ishq,Material:Premium Lace & Organic Cotton",TRUE,Size,XS,882-001-XS,shopify,100,deny,manual,3500,TRUE,TRUE,,
8826,,,,,,,Size,S,882-001-S,shopify,100,deny,manual,3500,TRUE,TRUE,,
8826,,,,,,,Size,M,882-001-M,shopify,100,deny,manual,3500,TRUE,TRUE,,
8826,,,,,,,Size,L,882-001-L,shopify,100,deny,manual,3500,TRUE,TRUE,,
8826,,,,,,,Size,XL,882-001-XL,shopify,100,deny,manual,3500,TRUE,TRUE,,
9350,9350,A beautifully crafted piece for your everyday essential. Join the waitlist for exclusive access.,PYNCH,bras,"Mood:Ishq,Material:Premium Lace & Organic Cotton",TRUE,Size,XS,935-001-XS,shopify,100,deny,manual,3500,TRUE,TRUE,,
9350,,,,,,,Size,S,935-001-S,shopify,100,deny,manual,3500,TRUE,TRUE,,
9350,,,,,,,Size,M,935-001-M,shopify,100,deny,manual,3500,TRUE,TRUE,,
9350,,,,,,,Size,L,935-001-L,shopify,100,deny,manual,3500,TRUE,TRUE,,
9350,,,,,,,Size,XL,935-001-XL,shopify,100,deny,manual,3500,TRUE,TRUE,,
2867,2867,A beautifully crafted piece for your everyday essential. Join the waitlist for exclusive access.,PYNCH,bras,"Mood:Ishq,Material:Premium Lace & Organic Cotton",TRUE,Size,XS,286-001-XS,shopify,100,deny,manual,3500,TRUE,TRUE,,
2867,,,,,,,Size,S,286-001-S,shopify,100,deny,manual,3500,TRUE,TRUE,,
2867,,,,,,,Size,M,286-001-M,shopify,100,deny,manual,3500,TRUE,TRUE,,
2867,,,,,,,Size,L,286-001-L,shopify,100,deny,manual,3500,TRUE,TRUE,,
2867,,,,,,,Size,XL,286-001-XL,shopify,100,deny,manual,3500,TRUE,TRUE,,
string-you-along-low-rise-lace-thong,String You Along Low Rise Lace Thong,A beautifully crafted piece for your everyday essential. Join the waitlist for exclusive access.,PYNCH,panties,"Mood:Aarambh,Material:Premium Lace & Organic Cotton",TRUE,Size,XS,STR-001-XS,shopify,100,deny,manual,3500,TRUE,TRUE,,
string-you-along-low-rise-lace-thong,,,,,,,Size,S,STR-001-S,shopify,100,deny,manual,3500,TRUE,TRUE,,
string-you-along-low-rise-lace-thong,,,,,,,Size,M,STR-001-M,shopify,100,deny,manual,3500,TRUE,TRUE,,
string-you-along-low-rise-lace-thong,,,,,,,Size,L,STR-001-L,shopify,100,deny,manual,3500,TRUE,TRUE,,
string-you-along-low-rise-lace-thong,,,,,,,Size,XL,STR-001-XL,shopify,100,deny,manual,3500,TRUE,TRUE,,
string-you-along-low-rise-lace-thong,,,,,,,,,,,,,,,,,https://justpynch.com/images/models/Models%20New/Seductress/String%20You%20Along%20Low%20Rise%20Lace%20Thong/ECOM_PR_SY-PI-10004_PWF_FRONT_SHOT00_2x3_KEB7E_8ec83080-553b-4436-876d-8fdb6384f6f5.webp,1
string-you-along-low-rise-lace-thong,,,,,,,,,,,,,,,,,https://justpynch.com/images/models/Models%20New/Seductress/String%20You%20Along%20Low%20Rise%20Lace%20Thong/ECOM_SD_AATA_07_SY-NS-10013_SY-PI-10004_PWF_BODY_FR_KD_SHOT01_HN542.webp,2
string-you-along-low-rise-lace-thong,,,,,,,,,,,,,,,,,https://justpynch.com/images/models/Models%20New/Seductress/String%20You%20Along%20Low%20Rise%20Lace%20Thong/ECOM_SD_AATA_08_SY-PI-10004_BAM_BODY_BK_MO_SHOT02_W80YW.webp,3
string-you-along-low-rise-lace-thong,,,,,,,,,,,,,,,,,https://justpynch.com/images/models/Models%20New/Seductress/String%20You%20Along%20Low%20Rise%20Lace%20Thong/hf_20260713_100406_2de652bc-af46-4f57-b0b4-119c5ea24ef5.webp,4
string-you-along-low-rise-lace-thong,,,,,,,,,,,,,,,,,https://justpynch.com/images/models/Models%20New/Seductress/String%20You%20Along%20Low%20Rise%20Lace%20Thong/hf_20260713_163158_2283bfb8-5a8e-40b3-bc09-15fb1d4de7d8.webp,5
string-you-along-low-rise-lace-thong,,,,,,,,,,,,,,,,,https://justpynch.com/images/models/Models%20New/Seductress/String%20You%20Along%20Low%20Rise%20Lace%20Thong/hf_20260713_163237_53d8bc01-f5a2-424b-ab78-053c08b6590b.webp,6
string-you-along-low-rise-lace-thong,,,,,,,,,,,,,,,,,https://justpynch.com/images/models/Models%20New/Seductress/String%20You%20Along%20Low%20Rise%20Lace%20Thong/hf_20260713_163730_30aedcfb-d188-4305-bcad-c914a20413c9.webp,7
string-you-along-low-rise-lace-thong,,,,,,,,,,,,,,,,,https://justpynch.com/images/models/Models%20New/Seductress/String%20You%20Along%20Low%20Rise%20Lace%20Thong/hf_20260713_164617_36e95bf5-a9b2-49cb-aad4-2af447f9a8bd.webp,8
the-seduction-lightly-lined-plunge-bra,The Seduction Lightly Lined Plunge Bra,A beautifully crafted piece for your everyday essential. Join the waitlist for exclusive access.,PYNCH,bras,"Mood:Aarambh,Material:Premium Lace & Organic Cotton",TRUE,Size,XS,THE-001-XS,shopify,100,deny,manual,3500,TRUE,TRUE,,
the-seduction-lightly-lined-plunge-bra,,,,,,,Size,S,THE-001-S,shopify,100,deny,manual,3500,TRUE,TRUE,,
the-seduction-lightly-lined-plunge-bra,,,,,,,Size,M,THE-001-M,shopify,100,deny,manual,3500,TRUE,TRUE,,
the-seduction-lightly-lined-plunge-bra,,,,,,,Size,L,THE-001-L,shopify,100,deny,manual,3500,TRUE,TRUE,,
the-seduction-lightly-lined-plunge-bra,,,,,,,Size,XL,THE-001-XL,shopify,100,deny,manual,3500,TRUE,TRUE,,
the-seduction-lightly-lined-plunge-bra,,,,,,,,,,,,,,,,,https://justpynch.com/images/models/Models%20New/Seductress/The%20Seduction%20Lightly%20Lined%20Plunge%20Bra/ECOM_PR_SY-SB-10006_BIT_BACK_SHOT01_2x3_1S5PP.webp,1
the-seduction-lightly-lined-plunge-bra,,,,,,,,,,,,,,,,,https://justpynch.com/images/models/Models%20New/Seductress/The%20Seduction%20Lightly%20Lined%20Plunge%20Bra/hf_20260713_165047_b7709bcc-840f-48e9-aa85-84a94b759967.webp,2
the-seduction-lightly-lined-plunge-bra,,,,,,,,,,,,,,,,,https://justpynch.com/images/models/Models%20New/Seductress/The%20Seduction%20Lightly%20Lined%20Plunge%20Bra/hf_20260713_165115_51d1ded5-c00b-4243-8216-3085303fe0ca.webp,3
the-seduction-lightly-lined-plunge-bra,,,,,,,,,,,,,,,,,https://justpynch.com/images/models/Models%20New/Seductress/The%20Seduction%20Lightly%20Lined%20Plunge%20Bra/hf_20260714_090322_90fc4615-fcc2-4ff5-99cf-db3d3cfbc115.webp,4
the-seduction-lightly-lined-plunge-bra,,,,,,,,,,,,,,,,,https://justpynch.com/images/models/Models%20New/Seductress/The%20Seduction%20Lightly%20Lined%20Plunge%20Bra/hf_20260714_091116_716a5368-f0f3-4a35-a324-79524e0b98d7.webp,5
the-show-off-unlined-plunge-bra,The Show Off Unlined Plunge Bra,A beautifully crafted piece for your everyday essential. Join the waitlist for exclusive access.,PYNCH,bras,"Mood:Aarambh,Material:Premium Lace & Organic Cotton",TRUE,Size,XS,THE-001-XS,shopify,100,deny,manual,3500,TRUE,TRUE,,
the-show-off-unlined-plunge-bra,,,,,,,Size,S,THE-001-S,shopify,100,deny,manual,3500,TRUE,TRUE,,
the-show-off-unlined-plunge-bra,,,,,,,Size,M,THE-001-M,shopify,100,deny,manual,3500,TRUE,TRUE,,
the-show-off-unlined-plunge-bra,,,,,,,Size,L,THE-001-L,shopify,100,deny,manual,3500,TRUE,TRUE,,
the-show-off-unlined-plunge-bra,,,,,,,Size,XL,THE-001-XL,shopify,100,deny,manual,3500,TRUE,TRUE,,
the-show-off-unlined-plunge-bra,,,,,,,,,,,,,,,,,https://justpynch.com/images/models/Models%20New/Seductress/The%20Show%20Off%20Unlined%20Plunge%20Bra/hf_20260713_171111_b04cc175-c03f-4142-8bb9-30f67ac5e807.webp,1
the-show-off-unlined-plunge-bra,,,,,,,,,,,,,,,,,https://justpynch.com/images/models/Models%20New/Seductress/The%20Show%20Off%20Unlined%20Plunge%20Bra/hf_20260714_091429_ad38c6c4-c8dc-4781-be5c-48aaba5a79e9.webp,2
the-show-off-unlined-plunge-bra,,,,,,,,,,,,,,,,,https://justpynch.com/images/models/Models%20New/Seductress/The%20Show%20Off%20Unlined%20Plunge%20Bra/hf_20260714_091616_b15c2c8b-831b-44a7-b4a7-267210c62b3d.webp,3
2366,2366,A beautifully crafted piece for your everyday essential. Join the waitlist for exclusive access.,PYNCH,bras,"Mood:Aarambh,Material:Premium Lace & Organic Cotton",TRUE,Size,XS,236-001-XS,shopify,100,deny,manual,3500,TRUE,TRUE,,
2366,,,,,,,Size,S,236-001-S,shopify,100,deny,manual,3500,TRUE,TRUE,,
2366,,,,,,,Size,M,236-001-M,shopify,100,deny,manual,3500,TRUE,TRUE,,
2366,,,,,,,Size,L,236-001-L,shopify,100,deny,manual,3500,TRUE,TRUE,,
2366,,,,,,,Size,XL,236-001-XL,shopify,100,deny,manual,3500,TRUE,TRUE,,
2856,2856,A beautifully crafted piece for your everyday essential. Join the waitlist for exclusive access.,PYNCH,bras,"Mood:Aarambh,Material:Premium Lace & Organic Cotton",TRUE,Size,XS,285-001-XS,shopify,100,deny,manual,3500,TRUE,TRUE,,
2856,,,,,,,Size,S,285-001-S,shopify,100,deny,manual,3500,TRUE,TRUE,,
2856,,,,,,,Size,M,285-001-M,shopify,100,deny,manual,3500,TRUE,TRUE,,
2856,,,,,,,Size,L,285-001-L,shopify,100,deny,manual,3500,TRUE,TRUE,,
2856,,,,,,,Size,XL,285-001-XL,shopify,100,deny,manual,3500,TRUE,TRUE,,
2857,2857,A beautifully crafted piece for your everyday essential. Join the waitlist for exclusive access.,PYNCH,bras,"Mood:Aarambh,Material:Premium Lace & Organic Cotton",TRUE,Size,XS,285-001-XS,shopify,100,deny,manual,3500,TRUE,TRUE,,
2857,,,,,,,Size,S,285-001-S,shopify,100,deny,manual,3500,TRUE,TRUE,,
2857,,,,,,,Size,M,285-001-M,shopify,100,deny,manual,3500,TRUE,TRUE,,
2857,,,,,,,Size,L,285-001-L,shopify,100,deny,manual,3500,TRUE,TRUE,,
2857,,,,,,,Size,XL,285-001-XL,shopify,100,deny,manual,3500,TRUE,TRUE,,
